Name,Description,Phone,Email,Address,Ward,District,Province,SpecificLocation,OpenTime,CloseTime,OperatingDays
"Phòng Khám Đa Khoa Thú Y Happy Paws","Phòng khám hiện đại, chuyên trị ca khó, cấp cứu 24/7","0909123456","contact@happypaws.vn","123 Đường Nguyễn Thị Minh Khai","Phường 5","Quận 3","Hồ Chí Minh","Tầng trệt, Tòa nhà Centec","08:00","20:00","Mon-Fri"
"Bệnh Viện Thú Y PetCare Hà Nội","Dịch vụ chuyên nghiệp, spa, khách sạn thú cưng","0912345678","info@petcarehanoi.com","456 Đường Láng","Láng Hạ","Đống Đa","Hà Nội","Số 456A (Cổng sau)","07:30","21:00","Mon-Sun"
"Sunny Vet Đà Nẵng","Chăm sóc tận tâm, giá bình dân","0987654321","booking@sunnyvet.dn.vn","789 Nguyễn Văn Linh","Nam Dương","Hải Châu","Đà Nẵng","Bên cạnh tòa nhà FPT","08:00","18:00","Mon-Sat"
